Workbook

Sheet V°B°
B2: Validación de "Ficha Impacto en el Negocio"
B4: Nombre del Proceso: | D4: Operar Convenios de Pago
B6: Rol | C6: Nombre | D6: Fecha | E6: Firma
B7: Responsable de Proceso | C7: Claudio Saavedra Araya | D7: 44277
B8: Jefe de Continuidad de Negocio | C8: Karen Beltrán Henríquez
B9: Jefe de Departamento de Riesgo Operacional | C9: Héctor Orellana Vidal

Sheet Datos entrevistado
B2: Fecha de entrevista | C2: 44277
B3: Nombre del entrevistado | C3: Ines Escobar Vargas Darwin Rossel Lucares Lorena Echeverría Jimenez Alex Ibarra Perez Jaqueline Araya Olivos
B4: Cargo del entrevistado | C4: Jefe de Area Subgerencia Operaciones de Convenio Jefe Departamento de Abonos Jefe de Proyectos Unidad de Administración de Servicios de Convenios Analista de Proceso Sección Abonos Analista de Procesos Unidad de Administración de Servicios de Convenios
B5: Nombre de la persona que realiza levantamiento | C5: Christian Bonacic González
B6: Cargo de la persona que realiza levantamiento | C6: Analista de Seguridad Operacional

Sheet Análisis Impacto
E1: Monetario | K1: Procesos | Q1: Reputacional | W1: Normativo | AC1: Clientes | AI1: IMPACTO FINAL
B2: Nombre del Proceso | C2: ID Único Proceso | D2: ESCENARIO DE DISRUPCIÓN | E2: < 1 HORA | F2: ENTRE 1 Y 2 HORAS | G2: ENTRE 2 Y 6 HORAS | H2: ENTRE 6 Y 24 HORAS | I2: ENTRE 24 Y 36 HORAS | J2: > 36 HORAS | K2: < 1 HORA | L2: ENTRE 1 Y 2 HORAS | M2: ENTRE 2 Y 6 HORAS | N2: ENTRE 6 Y 24 HORAS | O2: ENTRE 24 Y 36 HORAS | P2: > 36 HORAS | Q2: < 1 HORA | R2: ENTRE 1 Y 2 HORAS | S2: ENTRE 2 Y 6 HORAS | T2: ENTRE 6 Y 24 HORAS | U2: ENTRE 24 Y 36 HORAS | V2: > 36 HORAS | W2: < 1 HORA | X2: ENTRE 1 Y 2 HORAS | Y2: ENTRE 2 Y 6 HORAS | Z2: ENTRE 6 Y 24 HORAS | AA2: ENTRE 24 Y 36 HORAS | AB2: > 36 HORAS | AC2: < 1 HORA | AD2: ENTRE 1 Y 2 HORAS | AE2: ENTRE 2 Y 6 HORAS | AF2: ENTRE 6 Y 24 HORAS | AG2: ENTRE 24 Y 36 HORAS | AH2: > 36 HORAS | AI2: MAYOR IMPACTO HASTA LAS 24 HORAS | AJ2: Tipo de Impacto | AK2: MTPD | AL2: RTO
B3: Operar Convenios de Pago | C3: 17896 | D3: INDISPONIBILIDAD PARCIAL DE PERSONAL | E3: Medio Bajo | F3: Medio | G3: Medio alto | H3: Alto | I3: Alto | J3: Alto | K3: Bajo | L3: Medio | M3: Medio | N3: Medio | O3: Medio alto | P3: Medio alto | Q3: Medio Bajo | R3: Medio | S3: Medio alto | T3: Alto | U3: Alto | V3: Medio alto | W3: Bajo | X3: Medio Bajo | Y3: Medio | Z3: Medio alto | AA3: Alto | AB3: Alto | AC3: Medio Bajo | AD3: Medio alto | AE3: Alto | AF3: Alto | AG3: Alto | AH3: Alto | AI3: =VLOOKUP('Análisis Impacto (Calculos)'!AM3,'Análisis Impacto (Calculos)'!$B$14:$C$18,2,0) -> Alto | AJ3: ='Análisis Impacto (Calculos)'!AS3 -> Clientes | AK3: 1 hora | AL3: 30 minutos
B4: Operar Convenios de Pago | C4: 17896 | D4: INDISPONIBILIDAD MASIVA DE PERSONAL (SSMM) | E4: Crítico por Servicios Mínimos (SSMM)
B5: Operar Convenios de Pago | C5: 17896 | D5: INDISPONIBILIDAD DE INFRAESTRUCTURA | E5: Medio Bajo | F5: Medio | G5: Medio alto | H5: Alto | I5: Alto | J5: Alto | K5: Bajo | L5: Medio | M5: Medio | N5: Medio | O5: Medio alto | P5: Medio alto | Q5: Medio Bajo | R5: Medio | S5: Medio alto | T5: Alto | U5: Alto | V5: Medio alto | W5: Bajo | X5: Medio Bajo | Y5: Medio | Z5: Medio alto | AA5: Alto | AB5: Alto | AC5: Medio Bajo | AD5: Medio alto | AE5: Alto | AF5: Alto | AG5: Alto | AH5: Alto | AI5: =VLOOKUP('Análisis Impacto (Calculos)'!AM4,'Análisis Impacto (Calculos)'!$B$14:$C$18,2,0) -> Alto | AJ5: ='Análisis Impacto (Calculos)'!AS4 -> Clientes | AK5: 1 hora | AL5: 30 minutos
B6: Operar Convenios de Pago | C6: 17896 | D6: INDISPONIBILIDAD DE PROVEEDORES | E6: Medio Bajo | F6: Medio | G6: Medio alto | H6: Alto | I6: Alto | J6: Alto | K6: Bajo | L6: Medio | M6: Medio | N6: Medio | O6: Medio alto | P6: Medio alto | Q6: Medio Bajo | R6: Medio | S6: Medio alto | T6: Alto | U6: Alto | V6: Medio alto | W6: Bajo | X6: Medio Bajo | Y6: Medio | Z6: Medio alto | AA6: Alto | AB6: Alto | AC6: Medio Bajo | AD6: Medio alto | AE6: Alto | AF6: Alto | AG6: Alto | AH6: Alto | AI6: =VLOOKUP('Análisis Impacto (Calculos)'!AM5,'Análisis Impacto (Calculos)'!$B$14:$C$18,2,0) -> Alto | AJ6: ='Análisis Impacto (Calculos)'!AS5 -> Clientes | AK6: 1 hora | AL6: 30 minutos
B7: Operar Convenios de Pago | C7: 17896 | D7: INDISPONIBILIDAD DE SISTEMAS | E7: Medio Bajo | F7: Medio | G7: Medio alto | H7: Alto | I7: Alto | J7: Alto | K7: Bajo | L7: Medio | M7: Medio | N7: Medio | O7: Medio alto | P7: Medio alto | Q7: Medio Bajo | R7: Medio | S7: Medio alto | T7: Alto | U7: Alto | V7: Medio alto | W7: Bajo | X7: Medio Bajo | Y7: Medio | Z7: Medio alto | AA7: Alto | AB7: Alto | AC7: Medio Bajo | AD7: Medio alto | AE7: Alto | AF7: Alto | AG7: Alto | AH7: Alto | AI7: =VLOOKUP('Análisis Impacto (Calculos)'!AM6,'Análisis Impacto (Calculos)'!$B$14:$C$18,2,0) -> Alto | AJ7: ='Análisis Impacto (Calculos)'!AS6 -> Clientes | AK7: 1 hora | AL7: 30 minutos
B8: Operar Convenios de Pago | C8: 17896 | D8: ATAQUE DE CIBERSEGURIDAD | E8: Alto | F8: Alto | G8: Alto | H8: Alto | I8: Alto | J8: Alto | K8: Alto | L8: Alto | M8: Alto | N8: Alto | O8: Alto | P8: Alto | Q8: Alto | R8: Alto | S8: Alto | T8: Alto | U8: Alto | V8: Alto | W8: Alto | X8: Alto | Y8: Alto | Z8: Alto | AA8: Alto | AB8: Alto | AC8: Alto | AD8: Alto | AE8: Alto | AF8: Alto | AG8: Alto | AH8: Alto | AI8: Alto | AJ8: Clientes | AK8: 1 hora | AL8: 30 minutos
B10: MTPD (Periodo máximo tolerable de interrupción): Tiempo que podría llegar a ser inaceptable, en el cual habría impactos adversos como consecuencia de no proporcionar un producto/servicio o llevar a cabo una actividad. | AK10: RTO DEL PROCESO | AL10: 0,5 horas
B12: RTO (Tiempo de Recuperación Objetivo): Período de tiempo después de un incidente en el que: el producto o servicio se debe reanudar, o la actividad se debe reanudar o los recursos se deben recuperar. | AK12: IMPACTO DEL PROCESO | AL12: Alto
B14: RTO del Proceso: Corresponde al menor valor de los RTO de los escenarios críticos del Proceso.
B16: Impacto del Proceso: Corresponde al mayor impacto obtenido de los escenarios.
B18: Nota: Para productos, servicios y actividades, el RTO debe ser menor que el MTPD.

Sheet Escala por tipo de impacto
A1: Impacto | B1: Monetario | C1: Procesos | D1: Reputacional | E1: Normativo | F1: Clientes
A2: 1. Bajo | B2: Hasta un 0,01% del ingreso operacional de la institución. (Ref. MM$ 161) | C2: No afecta otras funciones o procesos del Banco Estado. | D2: Impacto no relevante para el proceso de negocio; no afecta la reputación de Banco Estado. | E2: Impacto no relevante para el proceso de negocio; sin impactos normativos. | F2: La materialización del evento no afecta a los clientes.
A3: 2. Medio Bajo | B3: Hasta un 0,03% del ingreso operacional de la institución. (Ref. MM$ 484) | C3: Afecta a otras funciones o procesos, sin interrumpirlo (p.ej. degradación en el nivel de servicio). | D3: La interrupción del proceso es percibida sólo al interior del Banco o su conocimiento es muy restringido. | E3: El incidente es de conocimiento por el regulador y/o organismos normativos, podría implicar la solicitud de información al Banco en relación a los procesos y clientes que se han visto afectados. | F3: El evento materializado afectará a un grupo reducido de clientes (menos de 5.000 como referencia). O afectará a menos del 1% de los clientes mayoristas, pero que ninguno de estos sea VIP
A4: 3. Medio | B4: Hasta un 0,06% del ingreso operacional de la institución. (Ref. MM$ 969) | C4: Afecta a otras funciones o procesos, sin interrumpirlo, pero si se prolonga en el en el tiempo podría impactar en el cumplimiento de los ANS internos. | D4: El incidente se divulga en medios de comunicación no masivos y/o en las redes sociales, entre 100 y 500 menciones, a una velocidad entre 51 a 100 por hora. Es percibido principalmente por los clientes del Banco. | E4: El incidente, y los impactos que éste genere, deberán ser notificados a el regulador y/o organismos normativos; puede provocar sanciones u observaciones. | F4: El evento materializado afectará a una cantidad no muy significativa de clientes (entre 5.000 y 25.000). O afectará a más del 1% de clientes mayoristas o al menos 1 cliente VIP
A5: 4. Medio Alto | B5: Hasta un 0,09% del ingreso operacional de la institución. (Ref. MM$ 1.453) | C5: Afecta otras funciones o procesos de forma inmediata, impactando en el cumplimiento de los ANS internos y/o terceras partes involucradas. | D5: El incidente es difundido en medios específicos de denuncia y en las redes sociales, más de 501 menciones a una velocidad de más de 100 menciones por hora. Es percibido por los otros actores de la industria financiera. | E5: El incidente conllevará a una investigación formal del regulador y/o organismos normativos y multas, con alta visibilidad y divulgación a público, alta implicación de directivos del Banco durante el proceso de la investigación. | F5: El evento materializado es critico para los clientes y afectará a un número significativo de ellos (entre 5.000 y 25.000). O afectará a entre el 1% y el 10% de clientes mayoristas o hasta de 3 clientes VIP
A6: 5. Alto | B6: Más de un 0,09% | C6: Afecta significativamente a otras funciones o procesos de forma inmediata, implicando la interrupción de los procesos que se ven impactados. | D6: El incidente es difundido ampliamente en los diferentes medios de comunicación masiva a nivel nacional. Podría conducir a un daño significativo en la reputación de Banco Estado. | E6: La situación obligará al pronunciamiento público de parte del regulador y/o organismos normativos en relación al incidente, pudiendo verse comprometida la calificación del Banco. | F6: El evento materializado afectará masivamente a los clientes del Banco (sobre 25.000) y será muy sensible para ellos. O afectará a más del 10% de clientes mayoristas y más de 3 clientes VIP

Sheet Análisis Impacto (Calculos)
I1: Monetario | O1: Procesos | U1: Reputacional | AA1: Normativo | AG1: Clientes | AM1: Impacto Final | AN1: Resumen Nivel de Impacto entre 6 y 24 horas
B2: N° | C2: Segmentación del Mapa de Procesos | D2: Ámbito/ Ciclo de Vida/ Canal/ Fábrica | E2: Nombre del Grupo de Procesos | F2: Nombre de Procesos | G2: ID Único | H2: ESCENARIO DE DISRUPCIÓN | I2: < 1 HORA | J2: ENTRE 1 Y 2 HORAS | K2: ENTRE 2 Y 6 HORAS | L2: ENTRE 6 Y 24 HORAS | M2: ENTRE 24 Y 36 HORAS | N2: > 36 HORAS | O2: < 1 HORA | P2: ENTRE 1 Y 2 HORAS | Q2: ENTRE 2 Y 6 HORAS | R2: ENTRE 6 Y 24 HORAS | S2: ENTRE 24 Y 36 HORAS | T2: > 36 HORAS | U2: < 1 HORA | V2: ENTRE 1 Y 2 HORAS | W2: ENTRE 2 Y 6 HORAS | X2: ENTRE 6 Y 24 HORAS | Y2: ENTRE 24 Y 36 HORAS | Z2: > 36 HORAS | AA2: < 1 HORA | AB2: ENTRE 1 Y 2 HORAS | AC2: ENTRE 2 Y 6 HORAS | AD2: ENTRE 6 Y 24 HORAS | AE2: ENTRE 24 Y 36 HORAS | AF2: > 36 HORAS | AG2: < 1 HORA | AH2: ENTRE 1 Y 2 HORAS | AI2: ENTRE 2 Y 6 HORAS | AJ2: ENTRE 6 Y 24 HORAS | AK2: ENTRE 24 Y 36 HORAS | AL2: > 36 HORAS | AM2: Resultado Nivel de Imapcto | AN2: Clientes | AO2: Reputacional | AP2: Normativo | AQ2: Procesos | AR2: Monetario | AS2: Resultado Nivel de Impacto
B3: 278 | C3: Negocios | D3: Gestionar Canal | F3: Realizar Seguimiento Comercial Cartera de corresponsales Caja Vecina | G3: 29993 | H3: INDISPONIBILIDAD DEL PERSONAL | I3: =VLOOKUP('Análisis Impacto'!E3,$D$14:$E$18,2,0) -> 2 | J3: =VLOOKUP('Análisis Impacto'!F3,$D$14:$E$18,2,0) -> 3 | K3: =VLOOKUP('Análisis Impacto'!G3,$D$14:$E$18,2,0) -> 4 | L3: =VLOOKUP('Análisis Impacto'!H3,$D$14:$E$18,2,0) -> 5 | M3: =VLOOKUP('Análisis Impacto'!I3,$D$14:$E$18,2,0) -> 5 | N3: =VLOOKUP('Análisis Impacto'!J3,$D$14:$E$18,2,0) -> 5 | O3: =VLOOKUP('Análisis Impacto'!K3,$D$14:$E$18,2,0) -> 1 | P3: =VLOOKUP('Análisis Impacto'!L3,$D$14:$E$18,2,0) -> 3 | ... AL3: =VLOOKUP('Análisis Impacto'!AH3,$D$14:$E$18,2,0) -> 5 | AM3: =MAX(L3,R3,X3,AD3,AJ3) -> 5 | AN3: =AJ3 -> 5 | AO3: =X3 -> 5 | AP3: =AD3 -> 4 | AQ3: =R3 -> 3 | AR3: =L3 -> 5 | AS3: =HLOOKUP(AM3,$AN$3:$AR$7,5,0) -> Clientes
B4: 278 | C4: Negocios | D4: Gestionar Canal | F4: Realizar Seguimiento Comercial Cartera de corresponsales Caja Vecina | G4: 29993 | H4: INDISPONIBILIDAD DE INFRAESTRUCTURA | I4: =VLOOKUP('Análisis Impacto'!E5,$D$14:$E$18,2,0) -> 2 | J4: =VLOOKUP('Análisis Impacto'!F5,$D$14:$E$18,2,0) -> 3 | K4: =VLOOKUP('Análisis Impacto'!G5,$D$14:$E$18,2,0) -> 4 | L4: =VLOOKUP('Análisis Impacto'!H5,$D$14:$E$18,2,0) -> 5 | M4: =VLOOKUP('Análisis Impacto'!I5,$D$14:$E$18,2,0) -> 5 | N4: =VLOOKUP('Análisis Impacto'!J5,$D$14:$E$18,2,0) -> 5 | O4: =VLOOKUP('Análisis Impacto'!K5,$D$14:$E$18,2,0) -> 1 | P4: =VLOOKUP('Análisis Impacto'!L5,$D$14:$E$18,2,0) -> 3 | ... AL4: =VLOOKUP('Análisis Impacto'!AH5,$D$14:$E$18,2,0) -> 5 | AM4: =MAX(L4,R4,X4,AD4,AJ4) -> 5 | AN4: =AJ4 -> 5 | AO4: =X4 -> 5 | AP4: =AD4 -> 4 | AQ4: =R4 -> 3 | AR4: =L4 -> 5 | AS4: =HLOOKUP(AM4,$AN$4:$AR$7,4,0) -> Clientes
B5: 278 | C5: Negocios | D5: Gestionar Canal | F5: Realizar Seguimiento Comercial Cartera de corresponsales Caja Vecina | G5: 29993 | H5: INDISPONIBILIDAD DE PROVEEDORES | I5: =VLOOKUP('Análisis Impacto'!E6,$D$14:$E$18,2,0) -> 2 | J5: =VLOOKUP('Análisis Impacto'!F6,$D$14:$E$18,2,0) -> 3 | K5: =VLOOKUP('Análisis Impacto'!G6,$D$14:$E$18,2,0) -> 4 | L5: =VLOOKUP('Análisis Impacto'!H6,$D$14:$E$18,2,0) -> 5 | M5: =VLOOKUP('Análisis Impacto'!I6,$D$14:$E$18,2,0) -> 5 | N5: =VLOOKUP('Análisis Impacto'!J6,$D$14:$E$18,2,0) -> 5 | O5: =VLOOKUP('Análisis Impacto'!K6,$D$14:$E$18,2,0) -> 1 | P5: =VLOOKUP('Análisis Impacto'!L6,$D$14:$E$18,2,0) -> 3 | ... AL5: =VLOOKUP('Análisis Impacto'!AH6,$D$14:$E$18,2,0) -> 5 | AM5: =MAX(L5,R5,X5,AD5,AJ5) -> 5 | AN5: =AJ5 -> 5 | AO5: =X5 -> 5 | AP5: =AD5 -> 4 | AQ5: =R5 -> 3 | AR5: =L5 -> 5 | AS5: =HLOOKUP(AM5,$AN$5:$AR$7,3,0) -> Clientes
B6: 278 | C6: Negocios | D6: Gestionar Canal | F6: Realizar Seguimiento Comercial Cartera de corresponsales Caja Vecina | G6: 29993 | H6: INDISPONIBILIDAD DE SISTEMAS | I6: =VLOOKUP('Análisis Impacto'!E7,$D$14:$E$18,2,0) -> 2 | J6: =VLOOKUP('Análisis Impacto'!F7,$D$14:$E$18,2,0) -> 3 | K6: =VLOOKUP('Análisis Impacto'!G7,$D$14:$E$18,2,0) -> 4 | L6: =VLOOKUP('Análisis Impacto'!H7,$D$14:$E$18,2,0) -> 5 | M6: =VLOOKUP('Análisis Impacto'!I7,$D$14:$E$18,2,0) -> 5 | N6: =VLOOKUP('Análisis Impacto'!J7,$D$14:$E$18,2,0) -> 5 | O6: =VLOOKUP('Análisis Impacto'!K7,$D$14:$E$18,2,0) -> 1 | P6: =VLOOKUP('Análisis Impacto'!L7,$D$14:$E$18,2,0) -> 3 | ... AL6: =VLOOKUP('Análisis Impacto'!AH7,$D$14:$E$18,2,0) -> 5 | AM6: =MAX(L6,R6,X6,AD6,AJ6) -> 5 | AN6: =AJ6 -> 5 | AO6: =X6 -> 5 | AP6: =AD6 -> 4 | AQ6: =R6 -> 3 | AR6: =L6 -> 5 | AS6: =HLOOKUP(AM6,$AN$6:$AR$7,2,0) -> Clientes
AN7: Clientes | AO7: Reputacional | AP7: Normativo | AQ7: Procesos | AR7: Monetario
I8: 6 | J8: 5 | K8: 4 | L8: 3 | M8: 2 | N8: 1 | O8: 6 | P8: 5 | Q8: 4 | R8: 3 | S8: 2 | T8: 1 | U8: 6 | V8: 5 | W8: 4 | X8: 3 | Y8: 2 | Z8: 1 | AA8: 6 | AB8: 5 | AC8: 4 | AD8: 3 | AE8: 2 | AF8: 1 | AG8: 6 | AH8: 5 | AI8: 4 | AJ8: 3 | AK8: 2 | AL8: 1
AN11: Clientes | AO11: 0.3
D12: Medio alto = 8 horas | AN12: Procesos | AO12: 0.3
G13: Prioridades | H13: Prioridades 2 | AN13: Operacional | AO13: 0.2
B14: 1 | C14: Bajo | D14: Bajo | E14: 1 | G14: Clientes | H14: Clientes | AN14: Normativo | AO14: 0.1
B15: 2 | C15: Medio Bajo | D15: Medio Bajo | E15: 2 | G15: Normativo | H15: Reputacional | AN15: Monetario | AO15: 0.1
B16: 3 | C16: Medio | D16: Medio | E16: 3 | G16: Monetario | H16: Normativo
B17: 4 | C17: Medio Alto | D17: Medio Alto | E17: 4 | G17: Reputacional | H17: Procesos
B18: 5 | C18: Alto | D18: Alto | E18: 5 | G18: Procesos | H18: Monetario

Sheet Listas Desplegables
B2: Bajo | C2: Medio Bajo | D2: Medio | E2: Medio alto | F2: Alto
B3: Medio Bajo | C3: Medio | D3: Medio alto | E3: Alto
B4: Medio | C4: Medio alto | D4: Alto
B5: Medio alto | C5: Alto
B6: Alto
A10: RTO | B10: 0 horas
B11: 0,5 horas
B12: 1 hora
B13: 2 horas
B14: 3 horas
B15: 4 horas
B16: 5 horas
B17: 6 horas
B18: 7 horas
B19: 8 horas
